Country,F1,F2,F3,F4
Taiwan,708.1456676,4.906419451,0.438914403,0.075
